date,red_fighter,blue_fighter,winner,red_sig_str_percent,blue_sig_str_percent,red_sub_att,blue_sub_att,red_stance,blue_stance,red_total_str_percent,blue_total_str_percent,red_td_percent,blue_td_percent,height_diff,reach_diff,red_age,blue_age,red_sig_strike_defence_percent,blue_sig_strike_defence_percent,red_td_defence_percent,blue_td_defence_percent
2024-05-11,Derrick Lewis,Rodrigo Nascimento,W,0.5466666666666666,0.6585365853658537,0,0,Orthodox,Orthodox,0.5802469135802469,0.782608695652174,0.25,1.0,2.0,-2.539999999999992,39,31,0.35,0.45999999999999996,0.0,0.75
2024-05-11,Joaquin Buckley,Nursulton Ruziboev,W,0.5512820512820513,0.4305555555555556,0,0,Southpaw,Orthodox,0.6042780748663101,0.4942528735632184,1.0,0.0,-18.0,0.0,30,30,0.5700000000000001,0.44999999999999996,1.0,0.0
2024-05-11,Alonzo Menifield,Carlos Ulberg,L,0.25,0.6363636363636364,0,0,Orthodox,Orthodox,0.25,0.6363636363636364,0.0,0.0,-10.0,-2.5400000000000205,37,34,0.37,0.75,1.0,1.0
2024-05-11,Diego Ferreira,Mateusz Rebecki,W,0.5103734439834025,0.3795620437956204,0,0,Orthodox,Southpaw,0.5551470588235294,0.410958904109589,1.0,0.8,5.0,20.319999999999993,39,32,0.63,0.49,0.19999999999999996,0.0
2024-05-11,Alex Caceres,Sean Woodson,L,0.41624365482233505,0.4469026548672566,0,0,Southpaw,Orthodox,0.425,0.4469026548672566,0.0,0.0,-10.0,-12.699999999999989,36,32,0.56,0.5900000000000001,1.0,1.0
2024-05-11,Waldo Cortes-Acosta,Robelis Despaigne,W,0.5148514851485149,0.5,1,0,Orthodox,Orthodox,0.6372549019607843,0.4745762711864407,0.75,0.0,-8.0,-15.240000000000009,33,36,0.5,0.49,1.0,0.25
2024-05-11,Chase Hooper,Viacheslav Borshchev,W,0.5688073394495413,0.3333333333333333,2,0,Southpaw,Orthodox,0.5944700460829493,0.3333333333333333,1.0,0.0,5.0,12.700000000000017,25,32,0.6699999999999999,0.43999999999999995,1.0,0.0
2024-05-11,Terrance McKinney,Esteban Ribovics,L,0.2777777777777778,0.4166666666666667,0,0,Switch,Orthodox,0.2777777777777778,0.4166666666666667,0.0,0.0,0.0,10.160000000000025,30,28,0.5900000000000001,0.73,1.0,1.0
2024-05-11,Tabatha Ricci,Tecia Pennington,W,0.3776223776223776,0.365296803652968,0,0,Orthodox,Orthodox,0.5053763440860215,0.39826839826839827,0.1,0.0,0.0,2.539999999999992,29,35,0.64,0.63,1.0,0.9
2024-05-11,Billy Ray Goff,Trey Waters,L,0.46586345381526106,0.4266666666666667,0,1,Switch,Orthodox,0.4867924528301887,0.4533898305084746,0.08333333333333333,0.0,-18.0,-12.700000000000017,26,29,0.5800000000000001,0.54,1.0,0.92
2024-05-11,Charles Johnson,Jake Hadley,W,0.4166666666666667,0.375,0,0,Switch,Southpaw,0.46808510638297873,0.38461538461538464,0.0,0.0,5.0,0.0,33,28,0.63,0.5900000000000001,1.0,1.0
2024-05-11,JJ Aldrich,Veronica Hardy,L,0.42857142857142855,0.46153846153846156,0,0,Southpaw,Southpaw,0.5,0.6106194690265486,0.0,0.0,2.0,7.6200000000000045,32,29,0.54,0.5800000000000001,1.0,1.0
2024-07-27,Leon Edwards,Belal Muhammad,L,0.6619718309859155,0.5619834710743802,0,0,Southpaw,Orthodox,0.7807017543859649,0.6832740213523132,1.0,0.6923076923076923,8.0,5.0800000000000125,33,36,0.43999999999999995,0.33999999999999997,0.31000000000000005,0.0
2024-07-13,Rose Namajunas,Tracy Cortez,W,0.5333333333333333,0.29292929292929293,0,0,Orthodox,Orthodox,0.5534883720930233,0.3648068669527897,1.0,0.4,0.0,0.0,32,31,0.71,0.47,0.6,0.0
2024-06-29,Alex Pereira,Jiri Prochazka,W,0.76,0.28,0,0,Orthodox,Orthodox,0.8032786885245902,0.28,0.0,0.0,3.0,-2.539999999999992,37,32,0.72,0.24,1.0,1.0
2024-04-13,Alex Pereira,Jamahal Hill,W,0.8,0.5454545454545454,0,0,Orthodox,Southpaw,0.8,0.5454545454545454,0.0,0.0,0.0,0.0,37,33,0.45999999999999996,0.19999999999999996,1.0,1.0
2024-04-27,Matheus Nicolau,Alex Perez,L,0.4,0.39436619718309857,0,0,Orthodox,Orthodox,0.4,0.39436619718309857,0.0,0.0,0.0,2.5400000000000205,31,32,0.61,0.6,1.0,1.0
2024-06-22,Robert Whittaker,Ikram Aliskerov,W,0.6666666666666666,0.3333333333333333,0,0,Orthodox,Southpaw,0.6666666666666666,0.3333333333333333,0.0,0.0,0.0,-7.619999999999976,34,32,0.6699999999999999,0.33999999999999997,1.0,1.0
2024-05-04,Alexandre Pantoja,Steve Erceg,W,0.5165289256198347,0.5235849056603774,0,0,Orthodox,Orthodox,0.5458015267175572,0.5536480686695279,0.47368421052631576,0.16666666666666666,-8.0,-2.539999999999992,34,29,0.48,0.49,0.84,0.53
2024-03-09,Sean O'Malley,Marlon Vera,W,0.6460674157303371,0.36929460580912865,0,0,Switch,Switch,0.6480446927374302,0.36929460580912865,0.0,0.0,7.0,5.079999999999984,29,31,0.64,0.36,1.0,1.0
2024-03-16,Tai Tuivasa,Marcin Tybura,L,0.625,0.6585365853658537,0,1,Southpaw,Orthodox,0.6666666666666666,0.7604166666666666,0.0,0.25,-2.0,-7.6200000000000045,31,38,0.35,0.38,0.75,1.0
2024-06-08,Jared Cannonier,Nassourdine Imavov,L,0.5871559633027523,0.6119402985074627,0,0,Switch,Orthodox,0.6710526315789473,0.6666666666666666,1.0,0.6666666666666666,-10.0,5.0800000000000125,40,29,0.39,0.42000000000000004,0.33999999999999997,0.0
2024-07-27,Tom Aspinall,Curtis Blaydes,W,0.7368421052631579,0.45454545454545453,0,0,Orthodox,Orthodox,0.7368421052631579,0.4166666666666667,0.0,0.0,3.0,-5.079999999999984,31,33,0.55,0.27,1.0,1.0
2024-07-13,Santiago Ponzinibbio,Muslim Salikhov,L,0.3504273504273504,0.38016528925619836,0,0,Orthodox,Orthodox,0.3559322033898305,0.4726027397260274,0.4,0.0,3.0,7.6200000000000045,38,40,0.62,0.65,1.0,0.6
2024-06-29,Dan Ige,Diego Lopes,L,0.5454545454545454,0.49,0,1,Orthodox,Orthodox,0.6504854368932039,0.6293706293706294,0.0,0.3333333333333333,-10.0,-2.539999999999992,33,29,0.51,0.45999999999999996,0.6699999999999999,1.0
2024-04-27,Ryan Spann,Bogdan Guskov,L,0.39473684210526316,0.6458333333333334,1,0,Orthodox,Orthodox,0.45454545454545453,0.7313432835820896,0.3333333333333333,0.0,6.0,7.6200000000000045,33,32,0.36,0.61,1.0,0.6699999999999999
2024-04-13,Zhang Weili,Yan Xiaonan,W,0.6751592356687898,0.5058823529411764,2,0,Switch,Orthodox,0.7828746177370031,0.6293103448275862,0.6666666666666666,1.0,-2.0,0.0,35,35,0.5,0.32999999999999996,0.0,0.33999999999999997
2024-03-16,Bryan Battle,Ange Loosa,NC,0.36,0.42592592592592593,0,0,Orthodox,Orthodox,0.358974358974359,0.4482758620689655,0.5,0.0,7.0,7.6200000000000045,29,31,0.5800000000000001,0.64,1.0,0.5
2024-06-22,Sergei Pavlovich,Alexander Volkov,L,0.34328358208955223,0.5220125786163522,0,0,Southpaw,Orthodox,0.34328358208955223,0.51875,0.0,0.0,-11.0,10.160000000000025,32,36,0.48,0.6599999999999999,1.0,1.0
2024-06-08,Dominick Reyes,Dustin Jacoby,W,0.6060606060606061,0.375,0,0,Southpaw,Orthodox,0.6060606060606061,0.375,0.0,0.0,3.0,2.5400000000000205,34,36,0.63,0.4,1.0,1.0
2024-05-04,Jose Aldo,Jonathan Martinez,W,0.5539568345323741,0.4406779661016949,0,0,Orthodox,Southpaw,0.5804597701149425,0.5298013245033113,0.5,0.0,-3.0,0.0,38,30,0.56,0.44999999999999996,1.0,0.5
2024-03-09,Dustin Poirier,Benoit Saint Denis,W,0.8235294117647058,0.6756756756756757,4,1,Southpaw,Southpaw,0.8108108108108109,0.711340206185567,0.0,0.42857142857142855,-5.0,-2.5400000000000205,35,28,0.32999999999999996,0.18000000000000005,0.5800000000000001,1.0
2024-07-27,King Green,Paddy Pimblett,L,0.7142857142857143,0.6153846153846154,0,2,Orthodox,Orthodox,0.7142857142857143,0.625,1.0,0.0,0.0,-5.0800000000000125,38,30,0.39,0.29000000000000004,1.0,0.0
2024-07-13,Drew Dober,Jean Silva,L,0.4013605442176871,0.48623853211009177,0,0,Southpaw,Orthodox,0.39864864864864863,0.48623853211009177,0.0,0.0,3.0,2.5400000000000205,36,28,0.52,0.6,1.0,1.0
2024-06-29,Anthony Smith,Roman Dolidze,L,0.5483870967741935,0.5405405405405406,0,0,Orthodox,Orthodox,0.5483870967741935,0.5478723404255319,0.0,0.3333333333333333,5.0,0.0,36,36,0.45999999999999996,0.45999999999999996,0.6699999999999999,1.0
2024-04-27,Ariane da Silva,Karine Silva,L,0.5185185185185185,0.36,0,0,Orthodox,Orthodox,0.5816993464052288,0.44166666666666665,0.0,0.8333333333333334,3.0,0.0,30,30,0.64,0.49,0.17000000000000004,1.0
2024-04-13,Justin Gaethje,Max Holloway,L,0.5175879396984925,0.5857605177993528,0,0,Orthodox,Orthodox,0.5175879396984925,0.5857605177993528,0.0,0.0,0.0,2.5400000000000205,35,32,0.42000000000000004,0.49,1.0,1.0
2024-03-16,Ovince Saint Preux,Kennedy Nzechukwu,W,0.5181159420289855,0.424,0,0,Southpaw,Southpaw,0.5181159420289855,0.424,0.0,0.0,-6.0,-7.6200000000000045,41,32,0.5800000000000001,0.49,1.0,1.0
2024-06-22,Kelvin Gastelum,Daniel Rodriguez,W,0.47058823529411764,0.47924528301886793,0,0,Southpaw,Southpaw,0.492,0.4835164835164835,1.0,0.0,-10.0,-7.6200000000000045,33,37,0.53,0.53,1.0,0.0
2024-06-08,Raul Rosas Jr.,Ricky Turcios,W,0.3333333333333333,0.4666666666666667,1,1,Switch,Orthodox,0.7352941176470589,0.8205128205128205,0.5714285714285714,0.0,0.0,-10.159999999999997,20,31,0.54,0.6699999999999999,1.0,0.43000000000000005
2024-05-04,Anthony Smith,Vitor Petrino,W,0.55,0.45454545454545453,1,0,Orthodox,Orthodox,0.55,0.45454545454545453,0.0,0.5,5.0,-2.5400000000000205,36,27,0.55,0.44999999999999996,0.5,1.0
2024-03-09,Kevin Holland,Michael Page,L,0.47540983606557374,0.6612903225806451,1,0,Orthodox,Switch,0.6464646464646465,0.7283950617283951,0.4,0.0,0.0,5.0800000000000125,31,37,0.33999999999999997,0.53,1.0,0.6
2024-07-27,Christian Leroy Duncan,Gregory Rodrigues,L,0.6041666666666666,0.569620253164557,0,0,Switch,Orthodox,0.6883116883116883,0.65,0.0,0.3333333333333333,-2.0,10.159999999999997,29,32,0.43999999999999995,0.4,0.6699999999999999,1.0
2024-07-13,Gabriel Bonfim,Ange Loosa,W,0.4488888888888889,0.33986928104575165,0,0,Orthodox,Orthodox,0.45689655172413796,0.3614457831325301,1.0,0.3076923076923077,7.0,-5.0800000000000125,27,31,0.6699999999999999,0.56,0.7,0.0
2024-04-27,Austen Lane,Jhonata Diniz,L,0.4594594594594595,0.6060606060606061,0,0,Orthodox,Orthodox,0.589041095890411,0.6888888888888889,0.25,0.0,5.0,2.539999999999992,36,33,0.4,0.55,1.0,0.75
2024-06-29,Mayra Bueno Silva,Macy Chiasson,L,0.7796610169491526,0.5882352941176471,0,0,Orthodox,Orthodox,0.803030303030303,0.6464646464646465,0.0,1.0,-12.0,-15.23999999999998,33,33,0.42000000000000004,0.22999999999999998,0.0,1.0
2024-03-16,Christian Rodriguez,Isaac Dulgarian,W,0.631578947368421,0.5,0,2,Orthodox,Orthodox,0.7185185185185186,0.6292134831460674,0.0,0.4375,0.0,0.0,26,28,0.5,0.37,0.5700000000000001,1.0
2024-06-22,Shara Magomedov,Antonio Trocoli,W,0.7592592592592593,0.47058823529411764,0,0,Orthodox,Orthodox,0.7941176470588235,0.5064935064935064,0.0,0.0,-8.0,-17.779999999999973,30,34,0.53,0.25,1.0,1.0
2024-04-13,Charles Oliveira,Arman Tsarukyan,L,0.5135135135135135,0.5903614457831325,4,0,Orthodox,Orthodox,0.6226415094339622,0.6410256410256411,0.0,0.5,8.0,5.0800000000000125,34,28,0.41000000000000003,0.49,0.5,1.0
2024-06-08,Brunno Ferreira,Dustin Stoltzfus,W,0.6666666666666666,0.45,0,2,Orthodox,Orthodox,0.675,0.45454545454545453,0.0,0.5,-5.0,-7.6200000000000045,32,33,0.55,0.33999999999999997,0.5,1.0
2024-03-09,Gilbert Burns,Jack Della Maddalena,L,0.46551724137931033,0.5447154471544715,0,0,Orthodox,Switch,0.49206349206349204,0.5821917808219178,0.6363636363636364,0.0,-2.0,-5.0800000000000125,38,27,0.45999999999999996,0.54,1.0,0.37
2024-05-04,Michel Pereira,Ihor Potieria,W,0.6,0.6666666666666666,1,0,Orthodox,Southpaw,0.6,0.6666666666666666,0.0,0.0,-5.0,-5.079999999999984,31,28,0.33999999999999997,0.4,1.0,1.0
2024-07-13,Julian Erosa,Christian Rodriguez,W,0.3977272727272727,0.44,1,0,Southpaw,Orthodox,0.4148936170212766,0.4342105263157895,1.0,0.0,15.0,7.6200000000000045,35,27,0.56,0.61,1.0,0.0
2024-07-27,Arnold Allen,Giga Chikadze,W,0.5,0.34234234234234234,0,0,Southpaw,Orthodox,0.5,0.3482142857142857,0.0,0.0,-10.0,-10.159999999999997,31,36,0.6599999999999999,0.5,1.0,1.0
2024-06-29,Ian Machado Garry,Michael Page,W,0.48717948717948717,0.5526315789473685,2,0,Orthodox,Switch,0.6435643564356436,0.7027027027027027,0.4,0.0,0.0,-12.699999999999989,27,37,0.44999999999999996,0.52,1.0,0.6
2024-04-27,Jonathan Pearce,David Onama,L,0.4418604651162791,0.5576923076923077,1,1,Switch,Orthodox,0.5272727272727272,0.5739130434782609,0.35714285714285715,0.0,3.0,-7.6200000000000045,32,30,0.44999999999999996,0.56,1.0,0.65
2024-03-16,Pannie Kianzad,Macy Chiasson,L,0.3333333333333333,0.4,0,1,Orthodox,Orthodox,0.8285714285714286,0.45454545454545453,0.5,1.0,-10.0,-15.23999999999998,32,33,0.6,0.6699999999999999,0.0,0.5
2024-04-13,Bo Nickal,Cody Brundage,W,0.6153846153846154,0.3333333333333333,2,0,Southpaw,Orthodox,0.7627118644067796,0.8048780487804879,0.5,0.0,2.0,10.159999999999997,28,30,0.6699999999999999,0.39,1.0,0.5
2024-06-08,Julian Marquez,Zach Reese,L,1.0,0.6666666666666666,0,0,Orthodox,Switch,1.0,0.6666666666666666,0.0,0.0,-5.0,-12.700000000000017,34,30,0.33999999999999997,0.0,1.0,1.0
2024-06-22,Johnny Walker,Volkan Oezdemir,L,0.45454545454545453,0.5522388059701493,0,0,Orthodox,Orthodox,0.45454545454545453,0.5522388059701493,0.0,0.0,10.0,17.78,32,35,0.44999999999999996,0.55,1.0,1.0
2024-03-09,Petr Yan,Song Yadong,W,0.5409836065573771,0.5,0,0,Switch,Orthodox,0.5944700460829493,0.5416666666666666,0.4,0.125,-3.0,0.0,31,26,0.5,0.45999999999999996,0.88,0.6
2024-05-04,Paul Craig,Caio Borralho,L,0.4583333333333333,0.72,0,0,Orthodox,Southpaw,0.44,0.7543859649122807,0.0,0.0,5.0,2.539999999999992,36,31,0.28,0.55,1.0,1.0
2024-07-13,Abdul Razak Alhassan,Cody Brundage,NC,0.7666666666666667,0.5,0,0,Orthodox,Orthodox,0.6857142857142857,0.5,0.0,0.0,-5.0,2.5400000000000205,39,30,0.5,0.24,1.0,1.0
2024-07-27,Nathaniel Wood,Daniel Pineda,W,0.7096774193548387,0.463768115942029,1,0,Orthodox,Orthodox,0.7363636363636363,0.64,0.0,0.16666666666666666,-2.0,0.0,31,39,0.54,0.30000000000000004,0.84,1.0
2024-04-27,Tim Means,Uros Medic,L,0.4117647058823529,0.5833333333333334,0,0,Orthodox,Southpaw,0.47619047619047616,0.6875,0.0,0.0,3.0,10.159999999999997,40,31,0.42000000000000004,0.5900000000000001,1.0,1.0
2024-06-29,Joe Pyfer,Marc-Andre Barriault,W,0.8,0.0,0,0,Orthodox,Orthodox,0.8,0.0,0.0,0.0,3.0,2.539999999999992,28,34,1.0,0.19999999999999996,1.0,1.0
2024-04-13,Jiri Prochazka,Aleksandar Rakic,W,0.5847457627118644,0.5321100917431193,0,0,Orthodox,Orthodox,0.5847457627118644,0.5321100917431193,1.0,0.0,-3.0,5.079999999999984,31,32,0.47,0.42000000000000004,1.0,0.0
2024-03-16,Gerald Meerschaert,Bryan Barberena,W,0.6470588235294118,0.32432432432432434,2,0,Southpaw,Southpaw,0.8333333333333334,0.5,0.42857142857142855,0.0,2.0,12.700000000000017,36,35,0.6799999999999999,0.36,1.0,0.5800000000000001
2024-06-08,Miguel Baeza,Punahele Soriano,L,0.5833333333333334,0.8228571428571428,3,0,Orthodox,Southpaw,0.6666666666666666,0.8401015228426396,0.0,0.8333333333333334,8.0,5.0800000000000125,32,32,0.18000000000000005,0.42000000000000004,0.17000000000000004,1.0
2024-03-09,Curtis Blaydes,Jailton Almeida,W,0.64,0.3333333333333333,0,0,Orthodox,Orthodox,0.6785714285714286,0.8181818181818182,0.0,0.6923076923076923,3.0,2.539999999999992,33,33,0.6699999999999999,0.36,0.31000000000000005,1.0
2024-06-22,Nasrat Haqparast,Jared Gordon,W,0.4620253164556962,0.47157190635451507,0,0,Southpaw,Orthodox,0.4727272727272727,0.5029585798816568,0.0,0.0,3.0,10.159999999999997,29,36,0.53,0.54,1.0,1.0
2024-05-04,Jack Shore,Joanderson Brito,L,0.6,0.5357142857142857,0,0,Orthodox,Orthodox,0.6595744680851063,0.6627906976744186,0.0,1.0,0.0,-2.539999999999992,29,29,0.47,0.4,0.0,1.0
2024-07-13,Joshua Van,Charles Johnson,L,0.5037593984962406,0.4607329842931937,0,0,Orthodox,Switch,0.5142857142857142,0.46153846153846156,1.0,0.0,-10.0,-12.700000000000017,23,34,0.54,0.5,1.0,0.0
2024-07-27,Molly McCann,Bruna Brasil,L,0.5714285714285714,0.5945945945945946,0,0,Orthodox,Orthodox,0.6785714285714286,0.6363636363636364,0.2857142857142857,1.0,-5.0,-7.6200000000000045,34,31,0.41000000000000003,0.43000000000000005,0.0,0.72
2024-04-27,Rani Yahya,Victor Henry,L,0.4954128440366973,0.5317073170731708,0,0,Orthodox,Switch,0.5045045045045045,0.5769230769230769,0.0,0.0,-2.0,-2.539999999999992,40,37,0.47,0.51,1.0,1.0
2024-04-13,Calvin Kattar,Aljamain Sterling,L,0.27586206896551724,0.5492957746478874,0,0,Orthodox,Orthodox,0.475,0.6953125,0.0,0.6153846153846154,10.0,2.539999999999992,36,35,0.45999999999999996,0.73,0.39,1.0
2024-06-29,Cub Swanson,Andre Fili,L,0.5585585585585585,0.4557823129251701,0,0,Orthodox,Orthodox,0.6428571428571429,0.46357615894039733,0.0,0.18181818181818182,-7.0,-10.159999999999997,41,34,0.55,0.44999999999999996,0.8200000000000001,1.0
2024-03-16,Natan Levy,Mike Davis,L,0.8888888888888888,0.42857142857142855,0,1,Southpaw,Orthodox,0.9,0.6666666666666666,1.0,0.0,-8.0,-2.539999999999992,32,31,0.5800000000000001,0.12,1.0,0.0
2024-06-08,Thiago Moises,Ludovit Klein,L,0.4,0.5384615384615384,1,0,Orthodox,Southpaw,0.4032258064516129,0.5620915032679739,0.0,1.0,5.0,-5.079999999999984,29,29,0.47,0.6,0.0,1.0
2024-06-22,Muhammad Naimov,Felipe Lima,L,0.35294117647058826,0.5285714285714286,0,1,Orthodox,Orthodox,0.4583333333333333,0.6326530612244898,0.2,0.5,7.0,5.0800000000000125,30,26,0.48,0.65,0.5,0.8
2024-03-09,Katlyn Cerminara,Maycee Barber,L,0.4342105263157895,0.56,0,0,Orthodox,Switch,0.532258064516129,0.6455026455026455,0.16666666666666666,1.0,10.0,7.6200000000000045,35,26,0.43999999999999995,0.5700000000000001,0.0,0.84
2024-07-27,Jake Hadley,Caolan Loughran,W,0.525974025974026,0.36464088397790057,0,0,Southpaw,Orthodox,0.5911602209944752,0.3617021276595745,0.0,0.125,2.0,5.0800000000000125,28,28,0.64,0.48,0.88,1.0
2024-05-04,Karolina Kowalkiewicz,Iasmin Lucindo,L,0.3783783783783784,0.6102941176470589,0,0,Orthodox,Orthodox,0.3949579831932773,0.6319444444444444,0.0,0.3333333333333333,0.0,-5.0800000000000125,39,22,0.39,0.63,0.6699999999999999,1.0
2024-07-13,Jasmine Jasudavicius,Fatima Kline,W,0.449438202247191,0.48148148148148145,1,0,Orthodox,Orthodox,0.5636363636363636,0.5106382978723404,0.6666666666666666,1.0,2.0,2.539999999999992,35,24,0.52,0.56,0.0,0.33999999999999997
2024-04-27,Austin Hubbard,Michal Figlak,W,0.42718446601941745,0.4380952380952381,0,0,Orthodox,Orthodox,0.45,0.45871559633027525,0.42857142857142855,0.0,0.0,2.539999999999992,32,28,0.5700000000000001,0.5800000000000001,1.0,0.5800000000000001
2024-06-29,Charles Jourdain,Jean Silva,L,0.5,0.6181818181818182,0,0,Switch,Orthodox,0.5,0.625,0.42857142857142855,0.0,5.0,0.0,29,28,0.39,0.5,1.0,0.5800000000000001
2024-04-13,Holly Holm,Kayla Harrison,L,0.16666666666666666,0.7183098591549296,0,1,Southpaw,Southpaw,0.4117647058823529,0.7472527472527473,0.0,0.4,0.0,7.619999999999976,42,34,0.29000000000000004,0.84,0.6,1.0
2024-03-16,Josiane Nunes,Chelsea Chandler,L,0.44761904761904764,0.4461538461538462,0,0,Southpaw,Southpaw,0.4537037037037037,0.5681818181818182,0.0,1.0,-16.0,-2.539999999999992,30,33,0.56,0.56,0.0,1.0
2024-06-08,Charles Radtke,Carlos Prates,L,0.5185185185185185,0.4166666666666667,0,0,Orthodox,Switch,0.6875,0.4166666666666667,0.0,0.0,-10.0,-15.240000000000009,34,31,0.5900000000000001,0.49,1.0,1.0
2024-07-27,Muhammad Mokaev,Manel Kape,W,0.36585365853658536,0.4166666666666667,0,0,Orthodox,Southpaw,0.46078431372549017,0.5074626865671642,0.375,0.0,5.0,5.0800000000000125,24,31,0.5900000000000001,0.64,1.0,0.63
2024-06-22,Rinat Fakhretdinov,Nicolas Dalby,W,0.5074626865671642,0.4925373134328358,0,0,Orthodox,Orthodox,0.5722543352601156,0.6307692307692307,0.45454545454545453,0.0,3.0,0.0,33,40,0.51,0.5,1.0,0.55
2024-03-09,Mateusz Gamrot,Rafael Dos Anjos,W,0.5588235294117647,0.46153846153846156,0,0,Southpaw,Southpaw,0.6809815950920245,0.47560975609756095,0.5789473684210527,0.0,5.0,0.0,33,39,0.54,0.44999999999999996,1.0,0.43000000000000005
2024-05-04,Elves Brener,Myktybek Orolbai,L,0.5274725274725275,0.5462184873949579,0,0,Orthodox,Orthodox,0.632,0.6014492753623188,0.5,0.29411764705882354,0.0,-5.0800000000000125,27,26,0.45999999999999996,0.48,0.71,0.5
2024-07-13,Montel Jackson,Da'Mon Blackshear,W,0.6666666666666666,1.0,0,0,Southpaw,Switch,0.6666666666666666,1.0,0.0,0.0,0.0,7.6200000000000045,32,30,0.0,0.33999999999999997,1.0,1.0
2024-04-27,Don'Tale Mayes,Caio Machado,W,0.366120218579235,0.4779874213836478,0,0,Orthodox,Southpaw,0.38421052631578945,0.48125,0.0,0.0,5.0,7.6200000000000045,32,30,0.53,0.64,1.0,1.0
2024-06-29,Payton Talbott,Yanis Ghemmouri,W,1.0,0.5,0,0,Switch,Orthodox,1.0,0.5,0.0,0.0,3.0,2.5400000000000205,26,29,0.5,0.0,1.0,1.0
2024-04-13,Sodiq Yusuff,Diego Lopes,L,0.4,0.8125,0,0,Orthodox,Orthodox,0.4,0.8285714285714286,0.0,0.0,-5.0,-2.539999999999992,31,29,0.18999999999999995,0.6,1.0,1.0
2024-07-27,Oban Elliott,Preston Parsons,W,0.352,0.3870967741935484,0,0,Orthodox,Orthodox,0.34507042253521125,0.5338345864661654,0.5,0.1111111111111111,3.0,2.539999999999992,27,29,0.62,0.65,0.89,0.5
2024-03-16,Jafel Filho,Ode Osbourne,W,0.6,0.0,2,0,Orthodox,Southpaw,0.6515151515151515,0.16666666666666666,1.0,0.0,0.0,-12.700000000000017,31,32,1.0,0.4,1.0,0.0
2024-06-08,Brad Katona,Jesse Butler,W,0.6017699115044248,0.36585365853658536,0,0,Orthodox,Orthodox,0.6820276497695853,0.35555555555555557,1.0,0.0,-10.0,-22.860000000000014,32,32,0.64,0.4,1.0,0.0
2024-06-22,Kyung Ho Kang,Muin Gafurov,L,0.34285714285714286,0.6619718309859155,0,0,Orthodox,Southpaw,0.7828947368421053,0.7638888888888888,0.2727272727272727,0.3333333333333333,5.0,12.700000000000017,37,28,0.33999999999999997,0.6599999999999999,0.6699999999999999,0.73
2024-03-09,Pedro Munhoz,Kyler Phillips,L,0.37142857142857144,0.41454545454545455,0,0,Orthodox,Orthodox,0.37142857142857144,0.4166666666666667,0.125,0.0,-5.0,-17.78,38,29,0.5900000000000001,0.63,1.0,0.88
2024-05-04,Joaquim Silva,Drakkar Klose,L,0.6344086021505376,0.5691056910569106,1,0,Southpaw,Orthodox,0.7988826815642458,0.6357615894039735,0.0,0.0,-2.0,-2.5400000000000205,35,36,0.43999999999999995,0.37,1.0,1.0
2024-07-13,Luana Santos,Mariya Agapova,W,0.5,0.21428571428571427,3,0,Orthodox,Southpaw,0.75,0.6451612903225806,1.0,0.0,0.0,-2.539999999999992,24,27,0.79,0.5,1.0,0.0
2024-04-27,Marnic Mann,Ketlen Souza,L,0.4025974025974026,0.6896551724137931,1,0,Southpaw,Orthodox,0.6981132075471698,0.7045454545454546,0.4,0.5,-8.0,2.539999999999992,31,30,0.31999999999999995,0.6,0.5,0.6
2024-07-27,Modestas Bukauskas,Marcin Prachnio,W,0.5,0.5035971223021583,1,0,Switch,Orthodox,0.5544554455445545,0.6,1.0,0.0,0.0,10.159999999999997,30,36,0.5,0.5,1.0,0.0
2024-03-16,Josh Culibao,Danny Silva,L,0.4306930693069307,0.4205607476635514,0,1,Orthodox,Switch,0.43414634146341463,0.47058823529411764,0.0,0.4444444444444444,-2.0,7.6200000000000045,30,27,0.5800000000000001,0.5700000000000001,0.56,1.0
2024-06-29,Michelle Waterson-Gomez,Gillian Robertson,L,0.40384615384615385,0.7333333333333333,0,2,Orthodox,Orthodox,0.5466666666666666,0.782051282051282,1.0,0.3333333333333333,-5.0,-2.5400000000000205,38,29,0.27,0.6,0.6699999999999999,0.0
2024-04-13,Jalin Turner,Renato Moicano,L,0.4,0.5373134328358209,0,0,Southpaw,Orthodox,0.4,0.6796875,0.0,0.3333333333333333,10.0,12.700000000000017,29,35,0.47,0.6,0.6699999999999999,1.0
2024-06-08,Andrea Lee,Montana De La Rosa,L,0.4934210526315789,0.3888888888888889,0,1,Orthodox,Orthodox,0.572139303482587,0.42718446601941745,0.0,0.5,-2.0,2.539999999999992,35,29,0.62,0.51,0.5,1.0
2024-06-22,Magomed Gadzhiyasulov,Brendson Ribeiro,W,0.6666666666666666,0.4857142857142857,0,1,Orthodox,Orthodox,0.6888888888888889,0.5686274509803921,1.0,0.5,-2.0,-15.240000000000009,31,28,0.52,0.33999999999999997,0.5,0.0
2024-03-09,Ion Cutelaba,Philipe Lins,L,0.4845360824742268,0.5826086956521739,0,0,Southpaw,Orthodox,0.695906432748538,0.6033057851239669,0.0,0.2857142857142857,-3.0,-7.6200000000000045,30,39,0.42000000000000004,0.52,0.72,1.0
2024-05-04,Mauricio Ruffy,Jamie Mullarkey,W,0.625,0.3684210526315789,0,0,Orthodox,Orthodox,0.625,0.3684210526315789,0.0,0.0,-3.0,2.539999999999992,28,30,0.64,0.38,1.0,1.0
2024-07-13,Josh Fremd,Andre Petroski,L,0.6666666666666666,0.6666666666666666,0,1,Orthodox,Switch,0.8108108108108109,0.5882352941176471,0.0,0.75,10.0,7.619999999999976,30,33,0.33999999999999997,0.33999999999999997,0.25,1.0
2024-07-27,Sam Patterson,Kiefer Crosbie,W,0.34615384615384615,0.5625,1,0,Orthodox,Switch,0.41935483870967744,0.5882352941176471,1.0,0.0,10.0,20.319999999999993,28,34,0.43999999999999995,0.6599999999999999,1.0,0.0
2024-04-27,James Llontop,Chris Padilla,L,0.475,0.46153846153846156,0,1,Orthodox,Orthodox,0.475,0.4827586206896552,0.0,1.0,8.0,-2.539999999999992,25,29,0.54,0.53,0.0,1.0
2024-03-16,Jaqueline Amorim,Cory McKenna,W,0.6,0.36363636363636365,4,0,Orthodox,Orthodox,0.6,0.47058823529411764,0.0,1.0,0.0,25.400000000000006,29,25,0.64,0.4,0.0,1.0
2024-04-13,Jessica Andrade,Marina Rodriguez,W,0.49444444444444446,0.35964912280701755,0,1,Orthodox,Orthodox,0.5636363636363636,0.3900414937759336,1.0,0.0,-13.0,-7.6200000000000045,33,37,0.65,0.51,1.0,0.0
2024-06-29,Andrei Arlovski,Martin Buday,L,0.6218487394957983,0.6428571428571429,0,0,Orthodox,Orthodox,0.6666666666666666,0.8291457286432161,0.0,0.0,-3.0,0.0,45,33,0.36,0.38,1.0,1.0
2024-06-08,John Castaneda,Daniel Marcos,L,0.4878048780487805,0.5730994152046783,0,0,Switch,Orthodox,0.5074626865671642,0.5706214689265536,0.2,0.0,-2.0,5.0800000000000125,32,31,0.43000000000000005,0.52,1.0,0.8
2024-03-09,Michel Pereira,Michal Oleksiejczuk,W,0.7333333333333333,0.25,1,0,Orthodox,Southpaw,0.7333333333333333,0.25,0.0,0.0,2.0,-2.539999999999992,30,29,0.75,0.27,1.0,1.0
2024-06-22,Xiao Long,ChangHo Lee,L,0.6601941747572816,0.7058823529411765,0,0,Orthodox,Orthodox,0.7219251336898396,0.7587719298245614,0.4,0.2222222222222222,0.0,2.5400000000000205,26,30,0.30000000000000004,0.33999999999999997,0.78,0.6
2024-05-04,Dione Barbosa,Ernesta Kareckaite,W,0.5492957746478874,0.33974358974358976,1,0,Orthodox,Orthodox,0.7016129032258065,0.45454545454545453,0.18181818181818182,1.0,-7.0,-12.699999999999989,32,26,0.6699999999999999,0.45999999999999996,0.0,0.8200000000000001
2024-07-13,Evan Elder,Darrius Flowers,W,0.5232558139534884,0.4,1,0,Switch,Orthodox,0.5865384615384616,0.4,0.0,0.5,3.0,2.539999999999992,27,30,0.6,0.48,0.5,1.0
2024-07-27,Mick Parkin,Lukasz Brzeski,W,0.6538461538461539,0.5714285714285714,0,0,Orthodox,Orthodox,0.6538461538461539,0.5909090909090909,0.0,0.0,0.0,2.539999999999992,29,32,0.43000000000000005,0.35,1.0,1.0
2024-04-27,Ivana Petrovic,Liang Na,W,0.4931506849315068,0.46153846153846156,1,0,Southpaw,Orthodox,0.6733333333333333,0.550561797752809,0.75,0.5,8.0,7.6200000000000045,30,28,0.54,0.51,0.5,0.25
2024-03-16,Thiago Moises,Mitch Ramirez,W,0.6410256410256411,0.3333333333333333,1,0,Orthodox,Orthodox,0.7361111111111112,0.4307692307692308,1.0,0.0,-5.0,-2.539999999999992,29,31,0.6699999999999999,0.36,1.0,0.0
2024-04-13,King Green,Jim Miller,W,0.5830721003134797,0.3958333333333333,0,0,Orthodox,Southpaw,0.584375,0.4,1.0,0.0,5.0,0.0,38,41,0.61,0.42000000000000004,1.0,0.0
2024-06-08,Eduarda Moura,Denise Gomes,L,0.3829787234042553,0.5681818181818182,0,1,Orthodox,Orthodox,0.4090909090909091,0.7445652173913043,0.19230769230769232,0.0,11.0,7.6200000000000045,30,24,0.43999999999999995,0.62,1.0,0.81
2024-06-29,Rei Tsuruya,Carlos Hernandez,W,0.53125,0.5,0,0,Orthodox,Orthodox,0.7469879518072289,0.5777777777777777,0.375,0.5,-5.0,2.539999999999992,22,31,0.5,0.47,0.5,0.63
2024-03-09,Robelis Despaigne,Josh Parisian,W,0.7777777777777778,0.4,0,0,Orthodox,Orthodox,0.7777777777777778,0.4,0.0,0.0,8.0,12.700000000000017,35,35,0.6,0.22999999999999998,1.0,1.0
2024-05-04,Ismael Bonfim,Vinc Pichel,W,0.5138888888888888,0.4295774647887324,0,0,Orthodox,Orthodox,0.5161290322580645,0.43537414965986393,0.5,0.5,-5.0,-2.539999999999992,28,41,0.5800000000000001,0.49,0.5,0.5
2024-07-27,Shauna Bannon,Alice Ardelean,W,0.4556213017751479,0.5428571428571428,0,0,Switch,Orthodox,0.5992063492063492,0.5755395683453237,0.0,0.5,5.0,7.6200000000000045,31,32,0.45999999999999996,0.55,0.5,1.0
2024-04-27,Gabriel Benitez,Maheshate,L,0.4101694915254237,0.3108974358974359,0,0,Southpaw,Orthodox,0.40878378378378377,0.3108974358974359,0.0,0.0,-10.0,0.0,36,24,0.69,0.5900000000000001,1.0,1.0
2024-03-16,Charalampos Grigoriou,Chad Anheliger,L,0.3230769230769231,0.5483870967741935,0,0,Orthodox,Orthodox,0.37142857142857144,0.6545454545454545,0.8,0.0,2.0,7.6200000000000045,32,37,0.45999999999999996,0.6799999999999999,1.0,0.19999999999999996
2024-04-13,Deiveson Figueiredo,Cody Garbrandt,W,0.6842105263157895,0.5161290322580645,2,0,Orthodox,Orthodox,0.7777777777777778,0.5454545454545454,0.2,0.0,-8.0,7.6200000000000045,36,33,0.49,0.31999999999999995,1.0,0.8
2024-06-08,Cody Stamann,Taylor Lapilus,L,0.4125874125874126,0.5555555555555556,0,0,Orthodox,Southpaw,0.4266666666666667,0.5631578947368421,0.16666666666666666,0.0,0.0,-22.860000000000014,35,32,0.44999999999999996,0.5900000000000001,1.0,0.84
2024-06-29,Ricky Simon,Vinicius Oliveira,L,0.4375,0.4050632911392405,0,0,Orthodox,Switch,0.4489795918367347,0.4050632911392405,0.18181818181818182,1.0,-7.0,-2.5400000000000205,32,29,0.6,0.5700000000000001,0.0,0.8200000000000001
2024-03-09,CJ Vergara,Asu Almabayev,L,0.5471698113207547,0.5714285714285714,0,0,Orthodox,Orthodox,0.717391304347826,0.6439393939393939,0.0,0.6428571428571429,5.0,7.6200000000000045,33,30,0.43000000000000005,0.45999999999999996,0.36,1.0
2024-05-04,Alessandro Costa,Kevin Borjas,W,0.5348837209302325,0.32142857142857145,0,0,Orthodox,Orthodox,0.5769230769230769,0.32142857142857145,0.0,0.0,-2.0,-2.539999999999992,28,26,0.6799999999999999,0.47,1.0,1.0
2024-06-08,Rayanne dos Santos,Puja Tomar,L,0.56,0.47738693467336685,0,0,Orthodox,Southpaw,0.5657894736842105,0.4876847290640394,0.0,0.0,-6.0,7.619999999999976,29,31,0.53,0.43999999999999995,1.0,1.0
2024-03-09,Joanne Wood,Maryna Moroz,W,0.5461847389558233,0.5230769230769231,0,0,Orthodox,Orthodox,0.596551724137931,0.611764705882353,1.0,0.5,-2.0,-5.0800000000000125,38,33,0.48,0.45999999999999996,0.5,0.0
